Name,new_name
VERIZON VIRGINIA 1989 8 3/8% 01/10/29 P10/99 - RED. YIELD,VERIZON
VERIZON MARYLAND 1989 8% 15/10/29 P10/96 - RED. YIELD,VERIZON
THE P&G.CO. 1989 8% 26/10/29 P10/96 - RED. YIELD,P&G
VERIZON NEW ENGLAND 1989 7 7/8% 15/11/29 P11/96 - RED. YIELD,VERIZON
VERIZON NJ.INCO. 1989 7.85% 15/11/29 P11/99 - RED. YIELD,VERIZON
UNITED PARCEL SER 1989 8 3/8% 01/04/20 S - RED. YIELD,UNITED PARCEL SER
ROHM & HAAS COMPANY 1990 9.8% 15/04/20 S - RED. YIELD,ROHM & HAAS COMPANY
TARGET CORPORATION 1990 9.35% 16/06/20 E - RED. YIELD,TARGET CORPORATION
TARGET CORPORATION 1990 9 7/8% 01/07/20 S - RED. YIELD,TARGET CORPORATION
P&G.PROFIT SHARING 1990 9.36% 01/01/21 A - RED. YIELD,P&G
VERIZON PENN.LLC 1990 8.35% 15/12/30 P12/02 - RED. YIELD,VERIZON
UNITED TECHNOLOGIES 1991 8 3/4% 01/03/21 S - RED. YIELD,UNITED TECHNOLOGIES
CATERPILLAR INCO 1991 9 3/8% 15/03/21 S - RED. YIELD,CATERPILLAR INCO
DOW CHEMICAL CO 1991 9% 01/04/21 S - RED. YIELD,DOW
TARGET CORPORATION 1991 9.7% 15/06/21 S - RED. YIELD,TARGET CORPORATION
VERIZON MARYLAND 1991 8.3% 01/08/31 P08/96 - RED. YIELD,VERIZON
THE BOEING COMPANY 1991 8 3/4% 15/08/21 S - RED. YIELD,THE BOEING COMPANY
MOBIL CORPORATION 1991 8 5/8% 15/08/21 S - RED. YIELD,MOBIL CORPORATION
ABC INCORPORATED 1991 8 3/4% 15/08/21 S - RED. YIELD,ABC INCORPORATED
VERIZON PENN.LLC 1991 8 3/4% 15/08/31 S - RED. YIELD,VERIZON
TEXACO CAP.INCO. 1991 8 7/8% 01/09/21 S - RED. YIELD,TEXACO CAP.INCO.
THE BOEING COMPANY 1991 8 3/4% 15/09/31 S - RED. YIELD,THE BOEING COMPANY
DOW CHEMICAL CO 1991 8.85% 15/09/21 S - RED. YIELD,DOW
DUKE ENERGY PRG.LLC 1991 8 5/8% 15/09/21 S - RED. YIELD,DUKE
TARGET CORPORATION 1991 9% 01/10/21 S - RED. YIELD,TARGET CORPORATION
BURLINGTON RES.LLC 1991 9 1/8% 01/10/21 S - RED. YIELD,BURLINGTON RES.LLC
PHARMACIA LLC 1991 8.7% 15/10/21 S - RED. YIELD,PHARMACIA LLC
VERIZON COMMS INCO 1991 8 3/4% 01/11/21 S - RED. YIELD,VERIZON
THE BOEING COMPANY 1991 8 5/8% 15/11/31 S - RED. YIELD,THE BOEING COMPANY
TEXACO CAP.INCO. 1991 8 5/8% 15/11/31 S - RED. YIELD,TEXACO CAP.INCO.
FRONTIER SOUTHWEST 1991 8 1/2% 15/11/31 S - RED. YIELD,FRONTIER SOUTHWEST
FORD MOTOR COMPANY 1992 8 7/8% 15/01/22 S - RED. YIELD,FORD
MICHIGAN BE.TEL.CO. 1992 7.85% 15/01/22 S - RED. YIELD,MICHIGAN BE.TEL.CO.
EL PASO NTRL.GAS 1992 8 5/8% 15/01/22 S - RED. YIELD,EL PASO
VERIZON VIRGINIA 1992 7 7/8% 15/01/22 S - RED. YIELD,VERIZON
LOCKHEED MARTIN 1992 9 1/8% 01/02/22 S - RED. YIELD,LOCKHEED MARTIN
COCA-COLA RFRS USA 1992 8 1/2% 01/02/22 S - RED. YIELD,COCA-COLA
FORD MOTOR COMPANY 1992 9.95% 15/02/32 P02/95 - RED. YIELD,FORD
TARGET CORPORATION 1992 8 7/8% 01/04/22 S - RED. YIELD,TARGET CORPORATION
TEXACO CAP.INCO. 1992 8 5/8% 01/04/32 S - RED. YIELD,TEXACO CAP.INCO.
COMCAST CAB COMMS 1992 10 1/8% 15/04/22 S - RED. YIELD,COMCAST
TARGET CORPORATION 1992 8.8% 15/05/22 S - RED. YIELD,TARGET CORPORATION
VERIZON NJ.INCO. 1992 8% 01/06/22 S - RED. YIELD,VERIZON
DOW CAPITAL PLC 1992 8.64% 01/06/22 G - RED. YIELD,DOW
COMCAST CAB COMMS 1992 9 7/8% 15/06/22 S - RED. YIELD,COMCAST
LOCKHEED MARTIN 1992 9% 15/01/22 S - RED. YIELD,LOCKHEED MARTIN
TEXACO CAP.INCO. 1992 8% 01/08/32 S - RED. YIELD,TEXACO CAP.INCO.
THE BOEING COMPANY 1992 7.95% 15/08/24 P08/12 - RED. YIELD,THE BOEING COMPANY
COCA-COLA RFRS USA 1992 8% 15/09/22 S - RED. YIELD,COCA-COLA
OCCIDENT PTL CORP 1993 8 3/4% 15/01/23 S - RED. YIELD,OCCIDENT PTL CORP
LOCKHEED MARTIN 1993 8 3/8% 15/01/23 S - RED. YIELD,LOCKHEED MARTIN
HISTORIC TW INCO. 1993 9.15% 01/02/23 S - RED. YIELD,HISTORIC TW INCO.
CATERPILLAR INCO 1993 8% 15/02/23 S - RED. YIELD,CATERPILLAR INCO
WYETH LLC 1993 7 1/4% 01/03/23 S - RED. YIELD,WYETH LLC
DOW CHEMICAL CO 1993 7 3/8% 01/03/23 S - RED. YIELD,DOW
PACIFIC BE.TEL.CO. 1993 7 1/8% 15/03/26 S - RED. YIELD,PACIFIC BE.TEL.CO.
UNION CARBIDE CORP. 1993 7 7/8% 01/04/23 S - RED. YIELD,UNION CARBIDE CORP.
THE BOEING COMPANY 1993 7 7/8% 15/04/43 S - RED. YIELD,THE BOEING COMPANY
BRISTOL-MR.SQUIBB 1993 7.15% 15/06/23 S - RED. YIELD,BRISTOL-MR.SQUIBB
FORD MOTOR COMPANY 1993 7 3/4% 15/06/43 S - RED. YIELD,FORD
THE BOEING COMPANY 1993 7 1/4% 15/06/25 S - RED. YIELD,THE BOEING COMPANY
TWDC ENTERPRISES 18 1993 7.55% 15/07/93 S - RED. YIELD,TWDC ENTERPRISES
THE COCA-COLA CO 1993 7 3/8% 29/07/93 S - RED. YIELD,COCA-COLA
COCA-COLA RFRS USA 1993 6 3/4% 15/09/23 S - RED. YIELD,COCA-COLA
DOW CHEMICAL CO 1993 7 3/4% 15/09/20 S - RED. YIELD,DOW
LOCKHEED MARTIN 1993 7% 15/09/23 S - RED. YIELD,LOCKHEED MARTIN
WALMART INCO. 1993 6 3/4% 15/10/23 S - RED. YIELD,WALMART INCO.
THE BOEING COMPANY 1993 6 7/8% 15/10/43 S - RED. YIELD,THE BOEING COMPANY
TIME WARN.CAB.ENTS. 1993 8 3/8% 15/03/23 S - RED. YIELD,TIME WARNER CABLE
JOHNSON & JOHNSON 1993 6.73% 15/11/23 S - RED. YIELD,JOHNSON & JOHNSON
THE LNA.LD.&.EXP. 1993 7.65% 01/12/23 S - RED. YIELD,THE LNA.LD.&.EXP.
TIME WARN.CAB.ENTS. 1994 8 3/8% 15/07/33 B - RED. YIELD,TIME WARNER CABLE
THE BOEING COMPANY 1994 7 1/2% 15/08/42 S - RED. YIELD,THE BOEING COMPANY
LOCKHEED MARTIN 1994 8 3/8% 15/06/24 S - RED. YIELD,LOCKHEED MARTIN
THE P&G.CO. 1994 8% 01/09/24 P09/14 - RED. YIELD,P&G
ANADARKO PTL CORP 1995 7 1/4% 15/03/25 P03/00 - RED. YIELD,ANADARKO PTL CORP
BURLINGTON RES.LLC 1995 8.2% 15/03/25 S - RED. YIELD,BURLINGTON RES.LLC
COLGATE-PALMOLIVE 1995 7.6% 19/05/25 B - RED. YIELD,COLGATE-PALMOLIVE
UNION CARBIDE CORP. 1995 6.79% 01/06/25 P06/05 - RED. YIELD,UNION CARBIDE CORP.
UNION CARBIDE CORP. 1995 7 1/2% 01/06/25 S - RED. YIELD,UNION CARBIDE CORP.
LOCKHEED MARTIN 1995 7 5/8% 15/06/25 S - RED. YIELD,LOCKHEED MARTIN
ELI LILLY AND CO. 1995 7 1/8% 01/06/25 S - RED. YIELD,ELI LILLY AND CO.
DUKE EN.OHIO INCO. 1995 6.9% 01/06/25 P06/05 - RED. YIELD,DUKE
GENERAL ELEC CO 1995 7 1/2% 21/08/35 S - RED. YIELD,GENERAL ELEC CO
PDMNT NATGS COIC 1995 7.4% 03/10/25 B - RED. YIELD,PDMNT NATGS COIC
BELLSOUTH TELECOM. 1995 7% 01/10/25 S - RED. YIELD,BELLSOUTH
BELLSOUTH TELECOM. 1995 7% 01/10/25 MBIA - RED. YIELD,BELLSOUTH
EL PASO LLC 1995 7 3/4% 15/10/35 S - RED. YIELD,EL PASO
INTL BUS MCHS CORP 1995 7% 30/10/25 S - RED. YIELD,INTL BUS MCHS CORP
INTL BUS MCHS CORP 1995 7% 30/10/45 S - RED. YIELD,INTL BUS MCHS CORP
FORD MOTOR COMPANY 1995 7 1/8% 15/11/25 S - RED. YIELD,FORD
BELLSOUTH TELECOM. 1995 5.85% 15/11/45 P11/00 - RED. YIELD,BELLSOUTH
BELLSOUTH TELECOM. 1995 7% 01/12/95 S - RED. YIELD,BELLSOUTH
EL PASO TEN PIPE 1995 7 1/4% 15/12/25 S - RED. YIELD,EL PASO
MERCK & CO.INCO. 1996 6.3% 01/01/26 S - RED. YIELD,MERCK
THE P&G.CO. 1996 6.45% 15/01/26 S - RED. YIELD,P&G
ELI LILLY AND CO. 1996 6.77% 01/01/36 S - RED. YIELD,ELI LILLY AND CO.
HISTORIC TW INCO. 1996 6.85% 15/01/26 P01/03 - RED. YIELD,HISTORIC TW INCO.
COMCAST CAB COMMS 1996 7 7/8% 15/02/26 S - RED. YIELD,COMCAST
BURLINGTON RES.LLC 1996 6 7/8% 15/02/26 S - RED. YIELD,BURLINGTON RES.LLC
LOCKHEED MARTIN 1996 7 3/4% 01/05/26 S - RED. YIELD,LOCKHEED MARTIN
LOCKHEED MARTIN 1996 7.2% 01/05/36 P05/08 - RED. YIELD,LOCKHEED MARTIN
VALERO ENERGY CORP. 1996 7.65% 01/07/26 P07/06 - RED. YIELD,VALERO ENERGY CORP.
FORD MOTOR COMPANY 1996 7 1/2% 01/08/26 S - RED. YIELD,FORD
INDIANA BELL TEL. 1996 7.3% 15/08/26 S - RED. YIELD,INDIANA BELL TEL.
ANADARKO PTL CORP 1996 7.73% 15/09/96 P09/26 - RED. YIELD,ANADARKO PTL CORP
PEPSI-COLA MET.BT. 1996 7.29% 15/09/26 P09/04 - RED. YIELD,PEPSI-COLA
COCA-COLA RFRS USA 1996 7% 01/10/26 P10/06 - RED. YIELD,COCA-COLA
UNION CARBIDE CORP. 1996 7 3/4% 01/10/96 S - RED. YIELD,UNION CARBIDE CORP.
COCA-COLA RFRS USA 1996 6.7% 15/10/36 P10/03 - RED. YIELD,COCA-COLA
ANADARKO PTL CORP 1996 7 1/2% 15/10/26 S - RED. YIELD,ANADARKO PTL CORP
FORD MOTOR COMPANY 1996 7.4% 01/11/46 S - RED. YIELD,FORD
ANADARKO PTL CORP 1996 7 1/2% 01/11/96 S - RED. YIELD,ANADARKO PTL CORP
ANADARKO PTL CORP 1996 7 1/4% 15/11/96 S - RED. YIELD,ANADARKO PTL CORP
EL PASO NTRL.GAS 1996 7 1/2% 15/11/26 S - RED. YIELD,EL PASO
BELLSOUTH LLC 1996 6.04% 15/11/26 P11/06 - RED. YIELD,BELLSOUTH
BRISTOL-MR.SQUIBB 1996 6.8% 15/11/26 S - RED. YIELD,BRISTOL-MR.SQUIBB
COCA-COLA RFRS USA 1996 6.95% 15/11/26 S - RED. YIELD,COCA-COLA
WISCONSIN BELL 1996 6.35% 01/12/26 P12/06 - RED. YIELD,WISCONSIN BELL
INTL BUS MCHS CORP 1996 7 1/8% 01/12/96 S - RED. YIELD,INTL BUS MCHS CORP
TENNECO INCO 1996 7.45% 15/12/25 B - RED. YIELD,TENNECO INCO
ALTRIA GROUP INCO 1997 7 3/4% 15/01/27 S - RED. YIELD,ALTRIA GROUP INCO
COMCAST MO GROUP 1997 7.9% 01/02/27 S - RED. YIELD,COMCAST
COMCAST MO GROUP 1997 7.95% 01/02/97 S - RED. YIELD,COMCAST
EL PASO LLC 1997 7.42% 15/02/37 S - RED. YIELD,EL PASO
CATERPILLAR INCO 1997 7 3/8% 01/03/97 S - RED. YIELD,CATERPILLAR INCO
TENNESSEE GAS PIPE 1997 7% 15/03/27 P03/07 - RED. YIELD,TENNESSEE GAS PIPE
TENNESSEE GAS PIPE 1997 7 5/8% 01/04/37 S - RED. YIELD,TENNESSEE GAS PIPE
COCA-COLA RFRS USA 1997 5.71% 18/03/37 P03/21 - RED. YIELD,COCA-COLA
AMGEN INCORPORATED 1997 8 1/8% 01/04/97 S - RED. YIELD,AMGEN INCORPORATED
FORD MOTOR COMPANY 1997 7.7% 15/05/97 S - RED. YIELD,FORD
MERCK SHARP & DOHME 1997 5.76% 03/05/37 B - RED. YIELD,MERCK
LOWE S COS.INCO. 1997 7.11% 15/05/37 P05/17 - RED. YIELD,LOWE S COS.INCO.
THE P&G.CO. 1997 8 3/4% 01/06/22 S - RED. YIELD,P&G
COLORADO INTERSTATE 1997 6.85% 15/06/37 P06/07 - RED. YIELD,COLORADO INTERSTATE
FEDEX CORPORATION 1997 7.6% 01/07/97 S - RED. YIELD,FEDEX CORPORATION
ATLANTA GAS LT.CO. 1997 7.3% 15/07/27 C - RED. YIELD,ATLANTA GAS LT.CO.
BELLSOUTH LLC 1997 7.12% 15/07/97 S - RED. YIELD,BELLSOUTH
INTL BUS MCHS CORP 1997 6.22% 01/08/27 P08/04 - RED. YIELD,INTL BUS MCHS CORP
BRISTOL-MR.SQUIBB 1997 6 7/8% 01/08/97 S - RED. YIELD,BRISTOL-MR.SQUIBB
RAYTHEON CO. 1997 7.2% 15/08/27 S - RED. YIELD,RAYTHEON CO.
CONOCOPHILLIPS CO. 1997 7.8% 01/01/27 B - RED. YIELD,CONOCOPHILLIPS
CONOCOPHILLIPS CO. 1997 7.9% 01/01/47 B - RED. YIELD,CONOCOPHILLIPS
LOWE S COS.INCO. 1997 7.2% 01/09/27 B - RED. YIELD,LOWE S COS.INCO.
HISTORIC TW INCO. 1997 7.57% 01/02/24 S - RED. YIELD,HISTORIC TW INCO.
AMERITECH CAP.FDG. 1997 6 7/8% 15/10/27 S - RED. YIELD,AMERITECH CAP.FDG.
VALERO ENERGY CORP. 1997 6 3/4% 15/10/37 P10/09 - RED. YIELD,VALERO ENERGY CORP.
VALERO ENERGY CORP. 1997 7.45% 15/10/97 S - RED. YIELD,VALERO ENERGY CORP.
COMCAST CAB COMMS 1997 8 1/2% 01/05/27 P05/09 - RED. YIELD,COMCAST
KINDER MORGAN INCO. 1997 6.67% 01/11/27 P11/04 - RED. YIELD,KINDER MORGAN
GOODRICH CORP. 1997 7.1% 15/11/27 A - RED. YIELD,GOODRICH CORP.
ANADARKO PTL CORP 1997 7% 15/11/27 S - RED. YIELD,ANADARKO PTL CORP
SUSA PARTNERSHIP LP 1997 7 1/2% 01/12/27 S - RED. YIELD,SUSA PARTNERSHIP LP
PHARMACIA LLC 1997 6 3/4% 15/12/27 S - RED. YIELD,PHARMACIA LLC
MCDONALD S CORP. 1998 6 3/8% 08/01/28 S - RED. YIELD,MCDONALD S CORP.
ANADARKO PTL CORP 1998 6 5/8% 15/01/28 S - RED. YIELD,ANADARKO PTL CORP
COCA-COLA RFRS USA 1998 6 3/4% 15/01/38 S - RED. YIELD,COCA-COLA
INTL BUS MCHS CORP 1998 6 1/2% 15/01/28 S - RED. YIELD,INTL BUS MCHS CORP
TARGET CORPORATION 1998 6 3/4% 01/01/28 S - RED. YIELD,TARGET CORPORATION
THE HERTZ CORP. 1998 7% 15/01/28 S - RED. YIELD,THE HERTZ CORP.
AMERITECH CAP.FDG. 1998 6.55% 15/01/28 S - RED. YIELD,AMERITECH CAP.FDG.
AMERITECH CAP.FDG. 1998 5.95% 15/01/38 P01/05 - RED. YIELD,AMERITECH CAP.FDG.
UNION PACIFIC CORP. 1998 7 1/8% 01/02/28 S - RED. YIELD,UNION PACIFIC CORP.
LOWE S COS.INCO. 1998 6 7/8% 15/02/28 S - RED. YIELD,LOWE S COS.INCO.
DUKE EN.FLORIDA LLC 1998 6 3/4% 01/02/28 B - RED. YIELD,DUKE
3M COMPANY 1998 6 3/8% 15/02/28 S - RED. YIELD,3M COMPANY
FORD MOTOR COMPANY 1998 6 5/8% 15/02/28 S - RED. YIELD,FORD
COMCAST CAB COMMS 1998 7 1/8% 15/02/28 S - RED. YIELD,COMCAST
NTHN ILL.GAS CO. 1998 6.58% 15/02/28 S - RED. YIELD,NTHN ILL.GAS CO.
NTHN ILL.GAS CO. 1998 6.58% 15/02/28 AMBAC - RED. YIELD,NTHN ILL.GAS CO.
MERCK & CO.INCO. 1998 6.4% 01/03/28 S - RED. YIELD,MERCK
KINDER MORGAN INCO. 1998 7 1/4% 01/03/28 S - RED. YIELD,KINDER MORGAN
KINDER MORGAN INCO. 1998 7.45% 01/03/98 S - RED. YIELD,KINDER MORGAN
HISTORIC TW INCO. 1998 6.95% 15/01/28 B - RED. YIELD,HISTORIC TW INCO.
OCCIDENT PTL CORP 1998 7.2% 01/04/28 S - RED. YIELD,OCCIDENT PTL CORP
VERIZON NEW YORK 1998 6 1/2% 15/04/28 S - RED. YIELD,VERIZON
VERIZON COMMS INCO 1998 6.94% 15/04/28 S - RED. YIELD,VERIZON
GOODRICH CORP. 1998 7% 15/04/38 S - RED. YIELD,GOODRICH CORP.
ANADARKO PTL CORP 1998 7.15% 15/05/28 S - RED. YIELD,ANADARKO PTL CORP
COCA-COLA RFRS USA 1998 7% 15/05/98 S - RED. YIELD,COCA-COLA
BELLSOUTH TELECOM. 1998 6 3/8% 01/06/28 S - RED. YIELD,BELLSOUTH
FORD HOLDINGS LLC 1998 9.3% 01/03/30 S - RED. YIELD,FORD
FORD MOTOR COMPANY 1998 8.9% 15/01/32 S - RED. YIELD,FORD
FORD MOTOR COMPANY 1998 9.98% 15/02/47 S - RED. YIELD,FORD
FORD MOTOR COMPANY 1998 9.215% 15/09/21 S - RED. YIELD,FORD
EL PASO LLC 1998 6.95% 01/06/28 S - RED. YIELD,EL PASO
DUKE EN.OHIO INCO. 1998 6.35% 15/06/38 P06/03 - RED. YIELD,DUKE
HONEYWELL INTL 1998 6 5/8% 15/06/28 S - RED. YIELD,HONEYWELL INTL
COLGATE-PALMOLIVE 1998 6.45% 16/06/28 C - RED. YIELD,COLGATE-PALMOLIVE
HONEYWELL INTL 1998 9.065% 01/06/33 S - RED. YIELD,HONEYWELL INTL
THE BOEING COMPANY 1998 6 5/8% 15/02/38 S - RED. YIELD,THE BOEING COMPANY
KRAFT HEINZ FOODS 1998 6 3/8% 15/07/28 S - RED. YIELD,KRAFT HEINZ FOODS
CATERPILLAR INCO 1998 6 5/8% 15/07/28 S - RED. YIELD,CATERPILLAR INCO
TARGET CORPORATION 1998 6.65% 01/08/28 S - RED. YIELD,TARGET CORPORATION
UNITED TECHNOLOGIES 1998 6.7% 01/08/28 S - RED. YIELD,UNITED TECHNOLOGIES
COCA-COLA RFRS USA 1998 6 3/4% 15/09/28 S - RED. YIELD,COCA-COLA
FORD MOTOR COMPANY 1998 6 5/8% 01/10/28 S - RED. YIELD,FORD
TENNESSEE GAS PIPE 1998 7% 15/10/28 S - RED. YIELD,TENNESSEE GAS PIPE
SECURITY CAP.GROUP 1998 7.7% 15/06/28 S - RED. YIELD,SECURITY CAP.GROUP
RAYTHEON CO. 1998 7% 01/11/28 S - RED. YIELD,RAYTHEON CO.
HISTORIC TW INCO. 1998 6 5/8% 15/05/29 S - RED. YIELD,HISTORIC TW INCO.
MERCK SHARP & DOHME 1998 5.95% 01/12/28 S - RED. YIELD,MERCK
DUKE ENERGY CRIS. 1998 6% 01/12/28 A - RED. YIELD,DUKE
PHARMACIA LLC 1998 6.6% 01/12/28 144A - RED. YIELD,PHARMACIA LLC
VERIZON PENN.LLC 1998 6% 01/12/28 S - RED. YIELD,VERIZON
UNION PACIFIC CORP. 1999 6 5/8% 01/02/29 S - RED. YIELD,UNION PACIFIC CORP.
FORD MOTOR COMPANY 1999 6 3/8% 01/02/29 S - RED. YIELD,FORD
OCCIDENT PTL CORP 1999 8.45% 15/02/29 S - RED. YIELD,OCCIDENT PTL CORP
BURLINGTON RES.LLC 1999 7 3/8% 01/03/29 S - RED. YIELD,BURLINGTON RES.LLC
ANADARKO PTL CORP 1999 7.2% 15/03/29 S - RED. YIELD,ANADARKO PTL CORP
AT&T CORP. 1999 6 1/2% 15/03/29 S - RED. YIELD,AT&T
CONOCOPHILLIPS CO. 1999 7% 30/03/29 S - RED. YIELD,CONOCOPHILLIPS
ANADARKO PTL CORP 1999 7.95% 15/04/29 S - RED. YIELD,ANADARKO PTL CORP
CONOCOPHILLIPS CO. 1999 6.95% 15/04/29 S - RED. YIELD,CONOCOPHILLIPS
ALLTEL CORPORATION 1999 6.8% 01/05/29 S - RED. YIELD,ALLTEL CORPORATION
DUKE ENERGY INDIANA 1999 8.85% 15/01/22 CCC - RED. YIELD,DUKE
DUKE ENERGY INDIANA 1999 8.85% 15/01/22 CCC (MB - RED. YIELD,DUKE
ROHM & HAAS COMPANY 1999 7.85% 15/07/29 144A - RED. YIELD,ROHM & HAAS COMPANY
FORD MOTOR COMPANY 1999 7.45% 16/07/31 S - RED. YIELD,FORD
PEPSI-COLA MET.BT. 1999 7% 01/03/29 B - RED. YIELD,PEPSI-COLA
LOWE S COS.INCO. 1999 6 1/2% 15/03/29 B - RED. YIELD,LOWE S COS.INCO.
JOHNSON & JOHNSON 1999 6.95% 01/09/29 S - RED. YIELD,JOHNSON & JOHNSON
UNITED TECHNOLOGIES 1999 7 1/2% 15/09/29 S - RED. YIELD,UNITED TECHNOLOGIES
PDMNT NATGS COIC 1999 7.95% 14/09/29 C - RED. YIELD,PDMNT NATGS COIC
COMCAST HDG CORP CV 2% 15/11/29 ZONES - RED. YIELD,COMCAST
ROHM & HAAS COMPANY 1999 7.85% 15/07/29 B - RED. YIELD,ROHM & HAAS COMPANY
DOW CHEMICAL CO 1999 7 3/8% 01/11/29 S - RED. YIELD,DOW
LOCKHEED MARTIN 1999 8 1/2% 01/12/29 S - RED. YIELD,LOCKHEED MARTIN
CONOCOPHILLIPS CO. 2000 8 1/8% 15/02/30 S - RED. YIELD,CONOCOPHILLIPS
WALMART INCO. 2000 7.55% 15/02/30 S - RED. YIELD,WALMART INCO.
BELLSOUTH LLC 2000 7 7/8% 15/02/30 S - RED. YIELD,BELLSOUTH
VALERO ENERGY CORP. 2000 8 3/4% 15/06/30 S - RED. YIELD,VALERO ENERGY CORP.
EL PASO LLC 2000 8.05% 15/10/30 S - RED. YIELD,EL PASO
VERIZON COMMS INCO 2000 7 3/4% 01/12/30 144A - RED. YIELD,VERIZON
SOUTHERN NATGS.CO. 2001 7.35% 15/02/31 S - RED. YIELD,SOUTHERN NATURAL GAS
PROGRESS EN.INCO. 2001 7 3/4% 01/03/31 S - RED. YIELD,PROGRESS EN.INCO.
KINDER MORGAN EN. 2001 7.4% 15/03/31 S - RED. YIELD,KINDER MORGAN
WARNER MEDIA LLC 2001 7 5/8% 15/04/31 S - RED. YIELD,WARNER MEDIA LLC
CATERPILLAR INCO 2001 7.3% 01/05/31 S - RED. YIELD,CATERPILLAR INCO
TARGET CORPORATION 2001 7% 15/07/31 S - RED. YIELD,TARGET CORPORATION
EL PASO LLC 2001 7.8% 01/08/31 S - RED. YIELD,EL PASO
BURLINGTON RES.LLC 2001 7.2% 15/08/31 S - RED. YIELD,BURLINGTON RES.LLC
VERIZON COMMS INCO 2001 7 3/4% 01/12/30 B - RED. YIELD,VERIZON
NWCG.WRLS.SVS.INCO. 2001 8 3/4% 01/03/31 B - RED. YIELD,NWCG.WRLS.SVS.INCO.
CONOCO FUNDING 2001 7 1/4% 15/10/31 S - RED. YIELD,CONOCO FUNDING
BELLSOUTH LLC 2001 6 7/8% 15/10/31 S - RED. YIELD,BELLSOUTH
PROGRESS EN.INCO. 2001 7% 30/10/31 S - RED. YIELD,PROGRESS EN.INCO.
MONDELEZ INTL INCO 2001 6 1/2% 01/11/31 S - RED. YIELD,MONDELEZ INTL INCO
EL PASO LLC 2002 7 3/4% 15/01/32 S - RED. YIELD,EL PASO
SOUTHERN NATGS.CO. 2002 8% 01/03/32 S - RED. YIELD,SOUTHERN NATURAL GAS
TWDC ENTERPRISES 18 2002 7% 01/03/32 B - RED. YIELD,TWDC ENTERPRISES
KINDER MORGAN EN. 2002 7 3/4% 15/03/32 S - RED. YIELD,KINDER MORGAN
GENERAL ELEC CO 2002 6 3/4% 15/03/32 A - RED. YIELD,GENERAL ELEC CO
EXELON CORPORATION 2002 7.6% 01/04/32 S - RED. YIELD,EXELON
VERIZON NEW YORK 2002 7 3/8% 01/04/32 B - RED. YIELD,VERIZON
WARNER MEDIA LLC 2002 7.7% 01/05/32 S - RED. YIELD,WARNER MEDIA LLC
VALERO ENERGY CORP. 2002 7 1/2% 15/04/32 S - RED. YIELD,VALERO ENERGY CORP.
CATERPILLAR INCO 2002 6.95% 01/05/42 S - RED. YIELD,CATERPILLAR INCO
TENNESSEE GAS PIPE 2002 8 3/8% 15/06/32 S - RED. YIELD,TENNESSEE GAS PIPE
ALLTEL CORPORATION 2002 7 7/8% 01/07/32 S - RED. YIELD,ALLTEL CORPORATION
VERIZON COMMS INCO 2002 7 3/4% 15/06/32 S - RED. YIELD,VERIZON
BURLINGTON RES.LLC 2002 7.4% 01/12/31 B - RED. YIELD,BURLINGTON RES.LLC
EMERSON ELEC.CO. 2002 6% 15/08/32 S - RED. YIELD,EMERSON ELEC.CO.
AT&T MOBILITY LLC 2002 7 1/8% 15/12/31 B - RED. YIELD,AT&T
DUKE ENERGY CRIS. 2002 6.45% 15/10/32 S - RED. YIELD,DUKE
CONOCOPHILLIPS 2002 5.9% 15/10/32 144A - RED. YIELD,CONOCOPHILLIPS
TARGET CORPORATION 2002 6.35% 01/11/32 S - RED. YIELD,TARGET CORPORATION
COMCAST CABLE 2002 9.455% 15/11/22 S - RED. YIELD,COMCAST
KINDER MORGAN EN. 2002 7.3% 15/08/33 B - RED. YIELD,KINDER MORGAN
INTL BUS MCHS CORP 2002 5 7/8% 29/11/32 S - RED. YIELD,INTL BUS MCHS CORP
ALABAMA POWER CO 2002 5 7/8% 01/12/22 S - RED. YIELD,ALABAMA POWER CO
FLA PWR& LT CO 2002 5.85% 01/02/33 S - RED. YIELD,FLA PWR& LT CO
COMMONWEALTH EDISON 2003 5 7/8% 01/02/33 100 - RED. YIELD,COMMONWEALTH EDISON
THE BOEING COMPANY 2003 6 1/8% 15/02/33 S - RED. YIELD,THE BOEING COMPANY
ALABAMA POWER CO 2003 5.7% 15/02/33 T - RED. YIELD,ALABAMA POWER CO
DUKE EN.FLORIDA LLC 2003 5.9% 01/03/33 S - RED. YIELD,DUKE
CONOCOPHILLIPS 2003 5.9% 15/10/32 B - RED. YIELD,CONOCOPHILLIPS
ALABAMA POWER CO 2003 5.6% 15/03/33 V - RED. YIELD,ALABAMA POWER CO
COMCAST CORPORATION 2003 7.05% 15/03/33 S - RED. YIELD,COMCAST
KRAFT HEINZ FOODS 2003 6 3/4% 15/03/32 B - RED. YIELD,KRAFT HEINZ FOODS
FLA PWR& LT CO 2003 5 5/8% 01/04/34 S - RED. YIELD,FLA PWR& LT CO
GEORGIA POWER CO 2003 5 3/4% 15/04/23 N - RED. YIELD,GEORGIA POWER CO
PEPCO HOLDINGS LLC 2003 7.45% 15/08/32 B - RED. YIELD,PEPSI-COLA
JOHNSON & JOHNSON 2003 4.95% 15/05/33 S - RED. YIELD,JOHNSON & JOHNSON
UNION PACIFIC CORP. 2003 5 3/8% 01/06/33 S - RED. YIELD,UNION PACIFIC CORP.
DUKE EN.OHIO INCO. 2003 5.4% 15/06/33 A - RED. YIELD,DUKE
DUKE EN.OHIO INCO. 2003 5 3/8% 15/06/33 B - RED. YIELD,DUKE
VERIZON MARYLAND 2003 5 1/8% 15/06/33 B - RED. YIELD,VERIZON
BALTIMORE G&E.CO. 2003 5.2% 15/06/33 S - RED. YIELD,BALTIMORE G&E.CO.
EL PASO NTRL.GAS 2003 8 3/8% 15/06/32 B - RED. YIELD,EL PASO
DUKE ENERGY PRG.LLC 2003 6 1/8% 15/09/33 S - RED. YIELD,DUKE
FLA PWR& LT CO 2003 5.95% 01/10/33 S - RED. YIELD,FLA PWR& LT CO
NTHN ILL.GAS CO. 2003 5.8% 01/12/23 S - RED. YIELD,NTHN ILL.GAS CO.
NTHN ILL.GAS CO. 2003 5.9% 01/12/32 S - RED. YIELD,NTHN ILL.GAS CO.
NTHN ILL.GAS CO. 2003 5.9% 01/12/33 S - RED. YIELD,NTHN ILL.GAS CO.
WYETH LLC 2003 6 1/2% 01/02/34 S - RED. YIELD,WYETH LLC
WYETH LLC 2003 6.45% 01/02/24 S - RED. YIELD,WYETH LLC
PDMNT NATGS COIC 2003 6% 19/12/33 S - RED. YIELD,PDMNT NATGS COIC
THE P&G.CO. 2004 5 1/2% 01/02/34 S - RED. YIELD,P&G
FLA PWR& LT CO 2004 5.65% 01/02/35 S - RED. YIELD,FLA PWR& LT CO
POTOMAC ELPW.CO. 2004 5 3/4% 15/04/34 S - RED. YIELD,POTOMAC ELPW.CO.
ATLANTIC CITY ELEC. 2004 5.8% 15/05/34 S - RED. YIELD,ATLANTIC CITY ELEC.
PECO ENERGY CO. 2004 5.9% 01/05/34 S - RED. YIELD,PECO ENERGY CO.
UNION PACIFIC CORP. 2004 6 1/4% 01/05/34 S - RED. YIELD,UNION PACIFIC CORP.
BELLSOUTH LLC 2004 6.55% 15/06/34 S - RED. YIELD,BELLSOUTH
THE P&G.CO. 2004 5.8% 15/08/34 S - RED. YIELD,P&G
AT&T INCORPORATED 2004 6.45% 15/06/34 S - RED. YIELD,AT&T
SOUTHERN CO.GAS 2004 6% 01/10/34 S - RED. YIELD,SOUTHERN NATURAL GAS
AT&T INCORPORATED 2004 6.15% 15/09/34 S - RED. YIELD,AT&T
BELLSOUTH LLC 2004 6% 15/11/34 S - RED. YIELD,BELLSOUTH
KINDER MORGAN EN. 2005 5.8% 15/03/35 S - RED. YIELD,KINDER MORGAN
DUKE ENERGY PRG.LLC 2005 5.7% 01/04/35 S - RED. YIELD,DUKE
UNITED TECHNOLOGIES 2005 5.4% 01/05/35 S - RED. YIELD,UNITED TECHNOLOGIES
PEPSI-COLA MET.BT. 2005 5 1/2% 15/05/35 S - RED. YIELD,PEPSI-COLA
POTOMAC ELPW.CO. 2005 5.4% 01/06/35 S - RED. YIELD,POTOMAC ELPW.CO.
FLA PWR& LT CO 2005 4.95% 01/06/35 S - RED. YIELD,FLA PWR& LT CO
COMCAST CORPORATION 2005 5.65% 15/06/35 S - RED. YIELD,COMCAST
EXELON CORPORATION 2005 5 5/8% 15/06/35 S - RED. YIELD,EXELON
MONSANTO COMPANY 2005 5 1/2% 30/07/35 S - RED. YIELD,MONSANTO COMPANY
MONSANTO COMPANY 2005 5 1/2% 30/07/35 S - RED. YIELD,MONSANTO COMPANY
KINDER MORGAN INCO. 2005 6.7% 15/02/27 144A - RED. YIELD,KINDER MORGAN
WALMART INCO. 2005 5 1/4% 01/09/35 S - RED. YIELD,WALMART INCO.
CATERPILLAR INCO 2005 5.3% 15/09/35 S - RED. YIELD,CATERPILLAR INCO
VERIZON COMMS INCO 2005 5.85% 15/09/35 S - RED. YIELD,VERIZON
FLA PWR& LT CO 2005 5.4% 01/09/35 S - RED. YIELD,FLA PWR& LT CO
LOWE S COS.INCO. 2005 5 1/2% 15/10/35 S - RED. YIELD,LOWE S COS.INCO.
SKY GROUP FIN.LTD. 2005 6 1/2% 15/10/35 144A - RED. YIELD,SKY GROUP FIN.LTD.
DUKE ENERGY INDIANA 2005 6.12% 15/10/35 S - RED. YIELD,DUKE
COMCAST CORPORATION 2005 6 1/2% 15/11/35 S - RED. YIELD,COMCAST
GENERAL ELEC CO 2006 5.55% 05/01/26 A - RED. YIELD,GENERAL ELEC CO
FLA PWR& LT CO 2006 5.65% 01/02/37 S - RED. YIELD,FLA PWR& LT CO
WYETH LLC 2006 6% 15/02/36 B - RED. YIELD,WYETH LLC
MONSANTO COMPANY 2006 5 1/2% 15/08/25 B - RED. YIELD,MONSANTO COMPANY
KINDER MORGAN FIN. 2006 6.4% 05/01/36 B - RED. YIELD,KINDER MORGAN
COMCAST CORPORATION 2006 6.45% 15/03/37 S - RED. YIELD,COMCAST
UNITEDHEALTH GROUP 2006 5.8% 15/03/36 S - RED. YIELD,UNITEDHEALTH GROUP
COMMONWEALTH EDISON 2006 5.9% 15/03/36 103 - RED. YIELD,COMMONWEALTH EDISON
COMMONWEALTH EDISON 2006 5.9% 15/03/36 103 (AM - RED. YIELD,COMMONWEALTH EDISON
DUKE EN.KEN.INCO. 2006 6.2% 10/03/36 144A - RED. YIELD,DUKE
HONEYWELL INTL 2006 5.7% 15/03/36 S - RED. YIELD,HONEYWELL INTL
XTO ENERGY INCO. 2006 6.1% 01/04/36 S - RED. YIELD,XTO ENERGY INCO.
AT&T INCORPORATED 2006 6.8% 15/05/36 S - RED. YIELD,AT&T
UNITED TECHNOLOGIES 2006 6.05% 01/06/36 S - RED. YIELD,UNITED TECHNOLOGIES
AETNA INCORPORATED 2006 6 5/8% 15/06/36 S - RED. YIELD,AETNA INCORPORATED
CATERPILLAR INCO 2006 6.05% 15/08/36 S - RED. YIELD,CATERPILLAR INCO
KINDER MORGAN INCO. 2006 7.42% 15/02/37 B - RED. YIELD,KINDER MORGAN
KINDER MORGAN INCO. 2006 6.95% 01/06/28 S - RED. YIELD,KINDER MORGAN
KINDER MORGAN INCO. 2006 6.7% 15/02/27 P02/07 - RED. YIELD,KINDER MORGAN
ANADARKO PTL CORP 2006 6.45% 15/09/36 S - RED. YIELD,ANADARKO PTL CORP
PECO ENERGY CO. 2006 5.95% 01/10/36 S - RED. YIELD,PECO ENERGY CO.
GOODRICH CORP. 2006 6.8% 01/07/36 B - RED. YIELD,GOODRICH CORP.
LOWE S COS.INCO. 2006 5.8% 15/10/36 S - RED. YIELD,LOWE S COS.INCO.
BALTIMORE G&E.CO. 2006 6.35% 01/10/36 144A - RED. YIELD,BALTIMORE G&E.CO.
BURLINGTON RES.LLC 2006 5.95% 15/10/36 S - RED. YIELD,BURLINGTON RES.LLC
WARNER MEDIA LLC 2006 6 1/2% 15/11/36 S - RED. YIELD,WARNER MEDIA LLC
MERCK & CO.INCO. 2006 5 3/4% 15/11/36 S - RED. YIELD,MERCK
BRISTOL-MR.SQUIBB 2006 5 7/8% 15/11/36 S - RED. YIELD,BRISTOL-MR.SQUIBB
LOCKHEED MARTIN 2006 6.15% 01/09/36 B - RED. YIELD,LOCKHEED MARTIN
THE HOME DEPOT 2006 5 7/8% 16/12/36 S - RED. YIELD,THE HOME DEPOT
FLA PWR& LT CO 2006 6.2% 01/06/36 B - RED. YIELD,FLA PWR& LT CO
KINDER MORGAN EN. 2007 6 1/2% 01/02/37 S - RED. YIELD,KINDER MORGAN
THE P&G.CO. 2007 5.55% 05/03/37 S - RED. YIELD,P&G
GEORGIA POWER CO 2007 5.65% 01/03/37 2007A - RED. YIELD,GEORGIA POWER CO
ELI LILLY AND CO. 2007 5.55% 15/03/37 S - RED. YIELD,ELI LILLY AND CO.
ELI LILLY AND CO. 2007 5 1/2% 15/03/27 S - RED. YIELD,ELI LILLY AND CO.
HONEYWELL INTL 2007 5.7% 15/03/37 S - RED. YIELD,HONEYWELL INTL
PECO ENERGY CO. 2007 5.7% 15/03/37 S - RED. YIELD,PECO ENERGY CO.
WYETH LLC 2007 5.95% 01/04/37 S - RED. YIELD,WYETH LLC
3M COMPANY 2007 5.7% 15/03/37 D - RED. YIELD,3M COMPANY
VERIZON COMMS INCO 2007 6 1/4% 01/04/37 S - RED. YIELD,VERIZON
WALMART INCO. 2007 5 7/8% 05/04/27 S - RED. YIELD,WALMART INCO.
FLA PWR& LT CO 2007 5.85% 01/05/37 S - RED. YIELD,FLA PWR& LT CO
UNION PACIFIC CORP. 2007 6.15% 01/05/37 S - RED. YIELD,UNION PACIFIC CORP.
GENERAL ELEC CO 2007 5.55% 04/05/20 A - RED. YIELD,GENERAL ELEC CO
POLAR TANKERS INCO. 2007 5.951% 10/05/37 144A - RED. YIELD,POLAR TANKERS INCO.
CVS HEALTH CORP. 2007 6 1/4% 01/06/27 S - RED. YIELD,CVS HEALTH CORP.
DUKE ENERGY CRIS. 2007 6.1% 01/06/37 S - RED. YIELD,DUKE
VALERO ENERGY CORP. 2007 6 5/8% 15/06/37 S - RED. YIELD,VALERO ENERGY CORP.
KINDER MORGAN EN. 2007 6.95% 15/01/38 S - RED. YIELD,KINDER MORGAN
XTO ENERGY INCO. 2007 6 3/4% 01/08/37 S - RED. YIELD,XTO ENERGY INCO.
BALTIMORE G&E.CO. 2007 6.35% 01/10/36 S - RED. YIELD,BALTIMORE G&E.CO.
GENERAL ELEC CO 2007 6.15% 07/08/37 SERIES - RED. YIELD,GENERAL ELEC CO
MONDELEZ INTL INCO 2007 7% 11/08/37 S - RED. YIELD,MONDELEZ INTL INCO
JOHNSON & JOHNSON 2007 5.95% 15/08/37 S - RED. YIELD,JOHNSON & JOHNSON
COMCAST CORPORATION 2007 6.95% 15/08/37 S - RED. YIELD,COMCAST
WALMART INCO. 2007 6 1/2% 15/08/37 S - RED. YIELD,WALMART INCO.
AT&T INCORPORATED 2007 6 1/2% 01/09/37 S - RED. YIELD,AT&T
LOWE S COS.INCO. 2007 6.65% 15/09/37 S - RED. YIELD,LOWE S COS.INCO.
MERCK & CO.INCO. 2007 6.55% 15/09/37 S - RED. YIELD,MERCK
DUKE EN.FLORIDA LLC 2007 6.35% 15/09/37 S - RED. YIELD,DUKE
TARGET CORPORATION 2007 6 1/2% 15/10/37 S - RED. YIELD,TARGET CORPORATION
MCDONALD S CORP. 2007 6.3% 15/10/37 I - RED. YIELD,MCDONALD S CORP.
TIME WARNER CABLE 2007 6.55% 01/05/37 B - RED. YIELD,TIME WARNER CABLE
ABBOTT LABORATORIES 2007 6.15% 30/11/37 S - RED. YIELD,ABBOTT LABORATORIES
POTOMAC ELPW.CO. 2007 6 1/2% 15/11/37 S - RED. YIELD,POTOMAC ELPW.CO.
AETNA INCORPORATED 2007 6 3/4% 15/12/37 S - RED. YIELD,AETNA INCORPORATED
AT&T INCORPORATED 2007 6.3% 15/01/38 S - RED. YIELD,AT&T
MONDELEZ INTL INCO 2007 6 7/8% 01/02/38 S - RED. YIELD,MONDELEZ INTL INCO
DUKE ENERGY CRIS. 2008 6% 15/01/38 S - RED. YIELD,DUKE
GENERAL ELEC CO 2008 5 7/8% 14/01/38 A - RED. YIELD,GENERAL ELEC CO
UNITED PARCEL SER 2008 6.2% 15/01/38 S - RED. YIELD,UNITED PARCEL SER
COMMONWEALTH EDISON 2008 6.45% 15/01/38 107 - RED. YIELD,COMMONWEALTH EDISON
FLA PWR& LT CO 2008 5.95% 01/02/38 S - RED. YIELD,FLA PWR& LT CO
TARGET CORPORATION 2008 7% 15/01/38 S - RED. YIELD,TARGET CORPORATION
UNITEDHEALTH GROUP 2008 6 7/8% 15/02/38 S - RED. YIELD,UNITEDHEALTH GROUP
VERIZON COMMS INCO 2008 6.4% 15/02/38 S - RED. YIELD,VERIZON
UNITEDHEALTH GROUP 2008 6 5/8% 15/11/37 B - RED. YIELD,UNITEDHEALTH GROUP
UNITEDHEALTH GROUP 2008 6 1/2% 15/06/37 B - RED. YIELD,UNITEDHEALTH GROUP
AMGEN INCORPORATED 2008 6 3/8% 01/06/37 B - RED. YIELD,AMGEN INCORPORATED
MCDONALD S CORP. 2008 6.3% 01/03/38 I - RED. YIELD,MCDONALD S CORP.
DUKE ENERGY PRG.LLC 2008 6.3% 01/04/38 S - RED. YIELD,DUKE
VERIZON COMMS INCO 2008 6.9% 15/04/38 S - RED. YIELD,VERIZON
ORACLE CORPORATION 2008 6 1/2% 15/04/38 S - RED. YIELD,ORACLE CORPORATION
DUKE ENERGY CRIS. 2008 6.05% 15/04/38 B - RED. YIELD,DUKE
MONSANTO COMPANY 2008 5 7/8% 15/04/38 S - RED. YIELD,MONSANTO COMPANY
WALMART INCO. 2008 6.2% 15/04/38 S - RED. YIELD,WALMART INCO.
XTO ENERGY INCO. 2008 6 3/8% 15/06/38 S - RED. YIELD,XTO ENERGY INCO.
BRISTOL-MR.SQUIBB 2008 6 1/8% 01/05/38 S - RED. YIELD,BRISTOL-MR.SQUIBB
COMCAST CORPORATION 2008 6.4% 15/05/38 S - RED. YIELD,COMCAST
CONOCOPHILLIPS 2008 5.9% 15/05/38 S - RED. YIELD,CONOCOPHILLIPS
AT&T INCORPORATED 2008 6.4% 15/05/38 S - RED. YIELD,AT&T
ALABAMA POWER CO 2008 6 1/8% 15/05/38 2008A - RED. YIELD,ALABAMA POWER CO
PHI.MOS.INTL.INCO. 2008 6 3/8% 16/05/38 S - RED. YIELD,PHI.MOS.INTL.INCO.
UNITED TECHNOLOGIES 2008 6 1/8% 15/07/38 S - RED. YIELD,UNITED TECHNOLOGIES
MONDELEZ INTL INCO 2008 6 7/8% 26/01/39 S - RED. YIELD,MONDELEZ INTL INCO
AMGEN INCORPORATED 2008 6.9% 01/06/38 S - RED. YIELD,AMGEN INCORPORATED
COVIDIEN INTL.FIN. 2008 6.55% 15/10/37 B - RED. YIELD,COVIDIEN INTL.FIN.
DUKE EN.FLORIDA LLC 2008 6.4% 15/06/38 S - RED. YIELD,DUKE
TIME WARNER CABLE 2008 7.3% 01/07/38 S - RED. YIELD,TIME WARNER CABLE
JOHNSON & JOHNSON 2008 5.85% 15/07/38 S - RED. YIELD,JOHNSON & JOHNSON
CAMERON INTL.CORP. 2008 7% 15/07/38 S - RED. YIELD,CAMERON INTL.CORP.
DUKE ENERGY INDIANA 2008 6.35% 15/08/38 LLL - RED. YIELD,DUKE
CTPR FINL SVS CORP 2008 6% 15/10/28 POWERNO - RED. YIELD,CTPR FINL SVS CORP
INTL BUS MCHS CORP 2008 8% 15/10/38 S - RED. YIELD,INTL BUS MCHS CORP
VERIZON COMMS INCO 2008 8.95% 01/03/39 S - RED. YIELD,VERIZON
ALTRIA GROUP INCO 2008 9.95% 10/11/38 S - RED. YIELD,ALTRIA GROUP INCO
CATERPILLAR INCO 2008 8 1/4% 15/12/38 S - RED. YIELD,CATERPILLAR INCO
POTOMAC ELPW.CO. 2008 7.9% 15/12/38 S - RED. YIELD,POTOMAC ELPW.CO.
GENERAL ELEC CO 2009 6 7/8% 10/01/39 A - RED. YIELD,GENERAL ELEC CO
AMGEN INCORPORATED 2009 6.4% 01/02/39 S - RED. YIELD,AMGEN INCORPORATED
MCDONALD S CORP. 2009 5.7% 01/02/39 S - RED. YIELD,MCDONALD S CORP.
AT&T INCORPORATED 2009 6.55% 15/02/39 S - RED. YIELD,AT&T
CONOCOPHILLIPS 2009 6 1/2% 01/02/39 S - RED. YIELD,CONOCOPHILLIPS
ALTRIA GROUP INCO 2009 10.2% 06/02/39 S - RED. YIELD,ALTRIA GROUP INCO
GEORGIA POWER CO 2009 5.95% 01/02/39 2009A - RED. YIELD,GEORGIA POWER CO
CISCO SYSTEMS INCO. 2009 5.9% 15/02/39 S - RED. YIELD,CISCO SYSTEMS INCO.
ABBOTT LABORATORIES 2009 6% 01/04/39 S - RED. YIELD,ABBOTT LABORATORIES
ALABAMA POWER CO 2009 6% 01/03/39 2009A - RED. YIELD,ALABAMA POWER CO
ELI LILLY AND CO. 2009 5.95% 15/11/37 S - RED. YIELD,ELI LILLY AND CO.
MEDTRONIC INCO 2009 6 1/2% 15/03/39 S - RED. YIELD,MEDTRONIC INCO
THE BOEING COMPANY 2009 6 7/8% 15/03/39 S - RED. YIELD,THE BOEING COMPANY
FLA PWR& LT CO 2009 5.96% 01/04/39 S - RED. YIELD,FLA PWR& LT CO
VALERO ENERGY CORP. 2009 10 1/2% 15/03/39 S - RED. YIELD,VALERO ENERGY CORP.
DUKE ENERGY INDIANA 2009 6.45% 01/04/39 MMM - RED. YIELD,DUKE
PFIZER INCO 2009 7.2% 15/03/39 S - RED. YIELD,PFIZER INCO
VERIZON COMMS INCO 2009 7.35% 01/04/39 S - RED. YIELD,VERIZON
EMERSON ELEC.CO. 2009 6 1/8% 15/04/39 S - RED. YIELD,EMERSON ELEC.CO.
DOW CHEMICAL CO 2009 9.4% 15/05/39 S - RED. YIELD,DOW
MICROSOFT CORP 2009 5.2% 01/06/39 S - RED. YIELD,MICROSOFT CORP
ANADARKO PTL CORP 2009 7.95% 15/06/39 S - RED. YIELD,ANADARKO PTL CORP
COMCAST CORPORATION 2009 6.55% 01/07/39 S - RED. YIELD,COMCAST
MERCK & CO.INCO. 2009 5.85% 30/06/39 S - RED. YIELD,MERCK
TIME WARNER CABLE 2009 6 3/4% 15/06/39 S - RED. YIELD,TIME WARNER CABLE
ORACLE CORPORATION 2009 6 1/8% 08/07/39 S - RED. YIELD,ORACLE CORPORATION
THE BOEING COMPANY 2009 5 7/8% 15/02/40 S - RED. YIELD,THE BOEING COMPANY
KRAFT HEINZ FOODS 2009 7 1/8% 01/08/39 144A - RED. YIELD,KRAFT HEINZ FOODS
CVS HEALTH CORP. 2009 6 1/8% 15/09/39 S - RED. YIELD,CVS HEALTH CORP.
KINDER MORGAN EN. 2009 6 1/2% 01/09/39 S - RED. YIELD,KINDER MORGAN
KINDER MORGAN EN. 2009 5.8% 01/03/21 S - RED. YIELD,KINDER MORGAN
EXELON GNRTN.CO.LLC 2009 6 1/4% 01/10/39 S - RED. YIELD,EXELON
PIPELINE FDG.CO.LLC 2009 7 1/2% 15/01/30 144A - RED. YIELD,PIPELINE FDG.CO.LLC
EMERSON ELEC.CO. 2009 4 1/4% 15/11/20 S - RED. YIELD,EMERSON ELEC.CO.
EMERSON ELEC.CO. 2009 5 1/4% 15/11/39 S - RED. YIELD,EMERSON ELEC.CO.
CISCO SYSTEMS INCO. 2009 5 1/2% 15/01/40 S - RED. YIELD,CISCO SYSTEMS INCO.
LOCKHEED MARTIN 2009 5 1/2% 15/11/39 S - RED. YIELD,LOCKHEED MARTIN
DUKE ENERGY CRIS. 2009 5.3% 15/02/40 S - RED. YIELD,DUKE
PROGRESS EN.INCO. 2009 6% 01/12/39 S - RED. YIELD,PROGRESS EN.INCO.
INTL BUS MCHS CORP 2009 5.6% 30/11/39 S - RED. YIELD,INTL BUS MCHS CORP
PEPSICO INCO. 2010 5 1/2% 15/01/40 S - RED. YIELD,PEPSI-COLA
MONDELEZ INTL INCO 2010 6 1/2% 09/02/40 S - RED. YIELD,MONDELEZ INTL INCO
FLA PWR& LT CO 2010 5.69% 01/03/40 S - RED. YIELD,FLA PWR& LT CO
UNITED TECHNOLOGIES 2010 5.7% 15/04/40 S - RED. YIELD,UNITED TECHNOLOGIES
COMCAST CORPORATION 2010 6.4% 01/03/40 S - RED. YIELD,COMCAST
WARNER MEDIA LLC 2010 6.2% 15/03/40 S - RED. YIELD,WARNER MEDIA LLC
AMGEN INCORPORATED 2010 5 3/4% 15/03/40 S - RED. YIELD,AMGEN INCORPORATED
ANADARKO PTL CORP 2010 6.2% 15/03/40 S - RED. YIELD,ANADARKO PTL CORP
MEDTRONIC INCO 2010 5.55% 15/03/40 S - RED. YIELD,MEDTRONIC INCO
DUKE EN.FLORIDA LLC 2010 5.65% 01/04/40 S - RED. YIELD,DUKE
DUKE EN.FLORIDA LLC 2010 4.55% 01/04/20 S - RED. YIELD,DUKE
KINDER MORGAN EN. 2010 6 1/2% 01/04/20 S - RED. YIELD,KINDER MORGAN
WALMART INCO. 2010 5 5/8% 01/04/40 S - RED. YIELD,WALMART INCO.
GULF POWER COMPANY 2010 4 3/4% 15/04/20 2010A - RED. YIELD,GULF POWER COMPANY
LOWE S COS.INCO. 2010 4 5/8% 15/04/20 S - RED. YIELD,LOWE S COS.INCO.
LOWE S COS.INCO. 2010 5.8% 15/04/40 S - RED. YIELD,LOWE S COS.INCO.
KINDER MORGAN EN. 2010 5.3% 15/09/20 S - RED. YIELD,KINDER MORGAN
KINDER MORGAN EN. 2010 6.55% 15/09/40 S - RED. YIELD,KINDER MORGAN
ABBOTT LABORATORIES 2010 5.3% 27/05/40 S - RED. YIELD,ABBOTT LABORATORIES
DIRECTV HOLDINGS 2010 6.35% 15/03/40 B - RED. YIELD,DIRECTV HOLDINGS
GEORGIA POWER CO 2010 5.4% 01/06/40 2010B - RED. YIELD,GEORGIA POWER CO
DUKE ENERGY CRIS. 2010 4.3% 15/06/20 S - RED. YIELD,DUKE
WALMART INCO. 2010 3 5/8% 08/07/20 S - RED. YIELD,WALMART INCO.
WALMART INCO. 2010 4 7/8% 08/07/40 S - RED. YIELD,WALMART INCO.
DUKE ENERGY INDIANA 2010 3 3/4% 15/07/20 PPP - RED. YIELD,DUKE
UNION PACIFIC CORP. 2010 5.78% 15/07/40 144A - RED. YIELD,UNION PACIFIC CORP.
WARNER MEDIA LLC 2010 6.1% 15/07/40 S - RED. YIELD,WARNER MEDIA LLC
ORACLE CORPORATION 2010 5 3/8% 15/07/40 144A - RED. YIELD,ORACLE CORPORATION
ORACLE CORPORATION 2010 3 7/8% 15/07/20 144A - RED. YIELD,ORACLE CORPORATION
COMMONWEALTH EDISON 2010 4% 01/08/20 109 - RED. YIELD,COMMONWEALTH EDISON
MCDONALD S CORP. 2010 3 1/2% 15/07/20 S - RED. YIELD,MCDONALD S CORP.
MCDONALD S CORP. 2010 4 7/8% 15/07/40 S - RED. YIELD,MCDONALD S CORP.
UNION PACIFIC CORP. 2010 4% 01/02/21 S - RED. YIELD,UNION PACIFIC CORP.
DIRECTV HOLDINGS 2010 6% 15/08/40 S - RED. YIELD,DIRECTV HOLDINGS
JOHNSON & JOHNSON 2010 2.95% 01/09/20 S - RED. YIELD,JOHNSON & JOHNSON
JOHNSON & JOHNSON 2010 4 1/2% 01/09/40 S - RED. YIELD,JOHNSON & JOHNSON
GEORGIA POWER CO 2010 4 3/4% 01/09/40 C - RED. YIELD,GEORGIA POWER CO
AT&T INCORPORATED 2010 5.35% 01/09/40 144A - RED. YIELD,AT&T
THE HOME DEPOT 2010 3.95% 15/09/20 S - RED. YIELD,THE HOME DEPOT
THE HOME DEPOT 2010 5.4% 15/09/40 S - RED. YIELD,THE HOME DEPOT
ALLERGAN INCO. 2010 3 3/8% 15/09/20 S - RED. YIELD,ALLERGAN INCO.
AMGEN INCORPORATED 2010 4.95% 01/10/41 S - RED. YIELD,AMGEN INCORPORATED
GENERAL ELEC CO 2010 4 3/8% 16/09/20 A - RED. YIELD,GENERAL ELEC CO
GULF POWER COMPANY 2010 5.1% 01/10/40 2010B - RED. YIELD,GULF POWER COMPANY
EL PASO LLC 2010 6 1/2% 15/09/20 144A - RED. YIELD,EL PASO
MICROSOFT CORP 2010 3% 01/10/20 S - RED. YIELD,MICROSOFT CORP
MICROSOFT CORP 2010 4 1/2% 01/10/40 S - RED. YIELD,MICROSOFT CORP
EXELON GNRTN.CO.LLC 2010 4% 01/10/20 S - RED. YIELD,EXELON
EXELON GNRTN.CO.LLC 2010 5 3/4% 01/10/41 S - RED. YIELD,EXELON
